r,mdot,zc
42.176530469613475,2.40131324476735,11.315956652786067
46.332653947162235,2.3610881884347967,9.69565561593592
50.89832657842993,2.274807101372089,8.974704009584345
55.91390580472411,2.1517188989452443,8.974704009584345
61.42372593570639,2.0008386222073984,8.307361074919358
67.47649003454171,1.8257860736174762,8.307361074919358
74.12570041985755,1.6352088379731624,8.307361074919358
81.43013158985791,1.4355249737301747,8.307361074919358
89.45434974891967,1.2334755991498874,8.307361074919358
98.26928352893266,1.0342343405446068,7.689640567018716
107.95285095017285,0.8456300029405774,7.689640567018716
118.59064816361555,0.6730836982049048,7.117852651001318
130.27670606270297,0.519458754982275,7.117852651001318
143.11432145249918,0.38857391160704663,6.588581861506817
157.21697012320283,0.28075482364560767,6.588581861506817
172.7093098989671,0.19538290971177807,6.0986667010688835
189.72828252829441,0.13069510204234008,5.645180755516966
208.42432415597068,0.08372066684583918,4.836862686437175
228.96269507628506,0.05122857673952031,4.477202230082129
251.5249405216513,0.029823317598941933,3.836123827417536
276.3104953990075,0.016459980369750223,3.286839696542056
303.5384471587737,0.00857292591983282,2.606798020576923
333.4494723789294,0.004188211805908493,2.233537706385124
366.30796418229795,0.0019082905512117,1.6397026580002065
402.4043692919588,0.0008039821210846022,1.3004509005128981
442.0577553827716,0.000309926519835952,0.8837078743614601
485.6186314226466,0.00010910168756264763,0.6487547294786291
533.4720459334694,3.460965465018925e-5,0.4080733704412152
586.0409905581927,9.560366297850645e-6,0.25668233015746944
643.7901390193169,2.135773525132212e-6,0.1280508749677333
707.2299545186094,4.2556854466081495e-7,0.059130572049939926
776.9212018846821,7.008416968395658e-8,0.023395240647448245
