r,mdot,zc
42.176530469613475,3.561280704021954,10.474522360006336
46.332653947162235,3.6100405930985695,9.69565561593592
50.89832657842993,3.6138646844950784,9.69565561593592
55.91390580472411,3.5808883005725143,9.69565561593592
61.42372593570639,3.5132542434429705,9.69565561593592
67.47649003454171,3.413158897817483,9.69565561593592
74.12570041985755,3.282366906979916,9.69565561593592
81.43013158985791,3.12295827716223,9.69565561593592
89.45434974891967,2.9370507076696537,9.69565561593592
98.26928352893266,2.727378262353949,9.69565561593592
107.95285095017285,2.49750833732667,9.69565561593592
118.59064816361555,2.2515122638270513,10.474522360006336
130.27670606270297,1.995126479473426,10.474522360006336
143.11432145249918,1.7351842737145824,10.474522360006336
157.21697012320283,1.4781457571464076,9.69565561593592
172.7093098989671,1.230549383905714,9.69565561593592
189.72828252829441,0.9993868431683883,9.69565561593592
208.42432415597068,0.7903244079387554,9.69565561593592
228.96269507628506,0.6063169612194906,8.974704009584345
251.5249405216513,0.450741376539297,8.307361074919358
276.3104953990075,0.32344311159155414,8.307361074919358
303.5384471587737,0.22344431698563474,7.689640567018716
333.4494723789294,0.14804508515368173,6.588581861506817
366.30796418229795,0.09381382030878996,6.0986667010688835
402.4043692919588,0.05661324877374003,5.225415213602956
442.0577553827716,0.03238244372175785,4.477202230082129
485.6186314226466,0.017470751520802602,3.5508765223261145
533.4720459334694,0.008823685486459473,3.0424361767690025
586.0409905581927,0.004141371899666952,2.233537706385124
643.7901390193169,0.0017858589867725352,1.6397026580002065
707.2299545186094,0.0007013104075383784,1.1142428752325104
776.9212018846821,0.00024953927449233957,0.7571721488337401
853.479904352745,7.893829125427207e-5,0.4762690378027989
937.5827887910966,2.0518102196991733e-5,0.21992868586060285
1029.97326750645,4.8206357385273075e-6,0.11852924098447012
1131.4680095031924,9.880438254056436e-7,0.050663826361366494
