r,mdot,zc
20.000000000000004,0.6042700843192524,5.721567555063251
23.32289705236212,0.5900754504065171,4.584823751389096
27.197876345754093,0.5602327714311083,4.584823751389096
31.716663502744872,0.5239964997095694,4.584823751389096
36.98622388594647,0.4846626400519108,4.845858644816496
43.13129460237734,0.44359130513837775,5.121755443364242
50.297337187317424,0.40154916319775885,5.41336030296538
58.65398086138745,0.35894079457998546,5.721567555063251
68.3990378670679,0.316145161077199,6.047322449462648
79.76318593271215,0.2735496881424218,6.047322449462648
93.01542870385317,0.23156449714872174,6.391624053344004
108.46946339706479,0.19099362206562648,6.755528315331645
126.49110640673521,0.1526681458772119,6.755528315331645
147.50695263818344,0.11753321148664451,6.755528315331645
172.01447354440026,0.0864956492310566,6.755528315331645
200.5937928996158,0.06037123021815975,6.755528315331645
233.92141905702942,0.03962397477284801,6.391624053344004
272.7862587504776,0.02420956089400327,6.047322449462648
318.10829150682036,0.01361397171398319,5.41336030296538
370.9603467158187,0.006963453265570127,4.584823751389096
432.5934988480796,0.003195493299469834,3.883098049059606
504.46668195774475,0.0012962817430352098,3.111615827824361
588.2812244823594,0.0004570913758784341,2.3590953305086355
686.0211218219795,0.0001375413866183102,1.6010644613183178
800.0000000000003,3.448448662959465e-5,1.0866061138545973
