r,mdot,zc
20.000000000000004,0.6666755336243883,4.845858644816496
23.32289705236212,0.6570284784138124,4.104180502904709
27.197876345754093,0.6332691354720253,4.104180502904709
31.716663502744872,0.6046998051468748,4.104180502904709
36.98622388594647,0.5750980849374137,4.104180502904709
43.13129460237734,0.5461231554830274,4.337850187558989
50.297337187317424,0.5215746844574494,4.337850187558989
58.65398086138745,0.49735675790064826,4.584823751389096
68.3990378670679,0.4760727458472468,4.584823751389096
79.76318593271215,0.45821681644582435,4.584823751389096
93.01542870385317,0.4441169143061103,4.584823751389096
108.46946339706479,0.43387429333743355,4.337850187558989
126.49110640673521,0.4350516629489264,4.104180502904709
147.50695263818344,0.4353798809827414,3.673924781802075
172.01447354440026,0.44103478164968907,3.288774285825511
200.5937928996158,0.45238560857119486,2.7854141632417675
233.92141905702942,0.4692343122040852,2.232016469295234
272.7862587504776,0.4905512931404596,1.6922203516410372
318.10829150682036,0.5132575467996252,1.0866061138545973
370.9603467158187,0.5587401521921158,0.6245844712439618
432.5934988480796,0.5723802935616585,0.3213764344100278
504.46668195774475,0.5817558182068967,0.14005305453932204
588.2812244823594,0.5825457998143877,0.0001169866413101307
686.0211218219795,0.5786338680538662,0.0001169866413101307
800.0000000000003,0.5674529334379848,0.0001106848488549412
