r,mdot,zc
42.176530469613475,4.080459876014138,13.207036227366311
46.332653947162235,4.261070197718336,11.315956652786067
50.89832657842993,4.400153459993652,11.315956652786067
55.91390580472411,4.510536911698456,10.474522360006336
61.42372593570639,4.596841120924827,11.315956652786067
67.47649003454171,4.660568875765124,11.315956652786067
74.12570041985755,4.704502326565834,11.315956652786067
81.43013158985791,4.729809999583795,11.315956652786067
89.45434974891967,4.7312692906620475,12.22498464050783
98.26928352893266,4.710756082781491,12.22498464050783
107.95285095017285,4.666770391856262,13.207036227366311
118.59064816361555,4.594142894663786,13.207036227366311
130.27670606270297,4.497426537017904,14.267977510008587
143.11432145249918,4.366225362950395,14.267977510008587
157.21697012320283,4.208244164934652,14.267977510008587
172.7093098989671,4.018372739333507,15.414145817536445
189.72828252829441,3.7968370676436143,15.414145817536445
208.42432415597068,3.5486083669407744,15.414145817536445
228.96269507628506,3.2751558009427706,16.652387566325327
251.5249405216513,2.9775280808878826,16.652387566325327
276.3104953990075,2.6648261176605885,16.652387566325327
303.5384471587737,2.343402621927656,16.652387566325327
333.4494723789294,2.0209366450526915,16.652387566325327
366.30796418229795,1.7059383175725875,16.652387566325327
402.4043692919588,1.4056160933519781,15.414145817536445
442.0577553827716,1.1283718536022698,15.414145817536445
485.6186314226466,0.8809340374154505,14.267977510008587
533.4720459334694,0.6662745564800998,14.267977510008587
586.0409905581927,0.4871317597244444,13.207036227366311
643.7901390193169,0.3433144861900513,12.22498464050783
707.2299545186094,0.23254266428945325,11.315956652786067
776.9212018846821,0.15063924009043322,9.69565561593592
853.479904352745,0.09310790374649447,8.307361074919358
937.5827887910966,0.054605042759621795,7.117852651001318
1029.97326750645,0.030244347477469027,6.0986667010688835
1131.4680095031924,0.015735002550555176,4.836862686437175
1242.9641592820267,0.0076424164911695945,3.836123827417536
1365.447266987283,0.003434348898406641,2.8162060654953955
1500.0000000000005,0.0028005627698841433,2.8162060654953955
