r,mdot,zc
20.000000000000004,1.2042049038449145,2.7854141632417675
23.32289705236212,1.1178647480019588,2.6353705192673944
27.197876345754093,0.9996947565816555,2.7854141632417675
31.716663502744872,0.8786850460566594,2.9440004751000353
36.98622388594647,0.7677100456471059,3.111615827824361
43.13129460237734,0.6710867937178969,3.288774285825511
50.297337187317424,0.5900396537464145,3.4760191815419783
58.65398086138745,0.5206071343350098,3.673924781802075
68.3990378670679,0.461871875454979,3.673924781802075
79.76318593271215,0.41202517810426154,3.883098049059606
93.01542870385317,0.3698662416070783,4.104180502904709
108.46946339706479,0.3340433096364156,4.104180502904709
126.49110640673521,0.30623541846022145,3.883098049059606
147.50695263818344,0.28107778382750515,3.883098049059606
172.01447354440026,0.2602563545238578,3.673924781802075
200.5937928996158,0.2432299206389122,3.288774285825511
233.92141905702942,0.2295507211986687,2.9440004751000353
272.7862587504776,0.21879151798359794,2.4934093699518796
318.10829150682036,0.21043833471011691,1.9980263085725505
370.9603467158187,0.21005329043063256,1.514818922258346
432.5934988480796,0.20552962195983496,0.9726933615426174
504.46668195774475,0.20229629171281985,0.6601449092734889
588.2812244823594,0.20037038449292077,0.40105728808554975
686.0211218219795,0.19856033159954742,0.0001169866413101307
800.0000000000003,0.19430351244161595,0.0001106848488549412
