r,mdot,zc
34.949277157730585,4.473114456680244,9.69565561593592
38.39321884049305,4.565745509837891,8.307361074919358
42.176530469613475,4.598819293990075,7.689640567018716
46.332653947162235,4.590936110881407,7.689640567018716
50.89832657842993,4.55290105702025,7.689640567018716
55.91390580472411,4.489367939728343,7.689640567018716
61.42372593570639,4.3999114759869205,8.307361074919358
67.47649003454171,4.287795620397243,8.307361074919358
74.12570041985755,4.15513642588255,8.974704009584345
81.43013158985791,3.9956746704594863,8.974704009584345
89.45434974891967,3.815718451529905,8.974704009584345
98.26928352893266,3.611697299269381,9.69565561593592
107.95285095017285,3.3853590532069626,9.69565561593592
118.59064816361555,3.1402355082237206,9.69565561593592
130.27670606270297,2.875288424593146,10.474522360006336
143.11432145249918,2.596764225316474,10.474522360006336
157.21697012320283,2.3096524546567294,10.474522360006336
172.7093098989671,2.0191900167289125,10.474522360006336
189.72828252829441,1.7314812072103571,10.474522360006336
208.42432415597068,1.453317801433689,10.474522360006336
228.96269507628506,1.1916457123069424,10.474522360006336
251.5249405216513,0.9523926004087239,10.474522360006336
276.3104953990075,0.7397738497962014,9.69565561593592
303.5384471587737,0.5571301320556801,9.69565561593592
333.4494723789294,0.40545151322676526,8.974704009584345
366.30796418229795,0.28440367066828326,8.307361074919358
402.4043692919588,0.19166769708881595,7.689640567018716
442.0577553827716,0.12354390299380855,6.588581861506817
485.6186314226466,0.07589565293360187,5.645180755516966
533.4720459334694,0.04417169284942852,4.836862686437175
586.0409905581927,0.0242249019238413,4.144285481839419
643.7901390193169,0.012437198117385551,3.286839696542056
707.2299545186094,0.005927523402695005,2.4129611832536098
776.9212018846821,0.0026024236219835194,1.7714224633510847
853.479904352745,0.0010414770506947742,1.3004509005128981
937.5827887910966,0.00036781382671241124,0.7571721488337401
1029.97326750645,0.00011558067514944655,0.4408545241834121
1131.4680095031924,3.27326398098252e-5,0.23759589128427633
1242.9641592820267,8.139145357210886e-6,0.11852924098447012
1365.447266987283,1.7662193849231293e-6,0.050663826361366494
