r,mdot,zc
46.332653947162235,3.637356688643332,15.414145817536445
50.89832657842993,3.796294800975417,13.207036227366311
55.91390580472411,3.9095977172903704,13.207036227366311
61.42372593570639,3.9885737729445587,12.22498464050783
67.47649003454171,4.037297394049877,12.22498464050783
74.12570041985755,4.057797106256174,12.22498464050783
81.43013158985791,4.050050822514939,12.22498464050783
89.45434974891967,4.010647177497773,13.207036227366311
98.26928352893266,3.940993583052922,13.207036227366311
107.95285095017285,3.841249235974842,13.207036227366311
118.59064816361555,3.7110232879384366,13.207036227366311
130.27670606270297,3.548246778723939,14.267977510008587
143.11432145249918,3.354154420806717,14.267977510008587
157.21697012320283,3.1327641846536265,14.267977510008587
172.7093098989671,2.886695292727347,14.267977510008587
189.72828252829441,2.6200960075068607,14.267977510008587
208.42432415597068,2.3388347060163257,14.267977510008587
228.96269507628506,2.049513404535531,14.267977510008587
251.5249405216513,1.7597334383179868,14.267977510008587
276.3104953990075,1.4778198913412057,14.267977510008587
303.5384471587737,1.2117669847501,14.267977510008587
333.4494723789294,0.966147992643603,13.207036227366311
366.30796418229795,0.7492264133900697,13.207036227366311
402.4043692919588,0.5622222806854996,12.22498464050783
442.0577553827716,0.4079290086839544,11.315956652786067
485.6186314226466,0.2852242600398978,10.474522360006336
533.4720459334694,0.19165038822269123,9.69565561593592
586.0409905581927,0.12326309118712997,8.307361074919358
643.7901390193169,0.07571061469563481,7.689640567018716
707.2299545186094,0.04418182316329726,6.588581861506817
776.9212018846821,0.024406402897797216,5.225415213602956
853.479904352745,0.012713869838502612,4.477202230082129
937.5827887910966,0.006208960568142829,3.5508765223261145
1029.97326750645,0.002827520339850495,2.606798020576923
1131.4680095031924,0.001196332893458965,2.0674558382731316
1242.9641592820267,0.0004698352194060791,1.5177773017322713
1365.447266987283,0.00016830632444904541,1.1142428752325104
1500.0000000000005,0.00012730555786629683,1.0313897683787216
