r,mdot,zc
74.12570041985755,3.5911177267005145,24.505397127942576
81.43013158985791,3.9152604479499784,22.683219636960388
89.45434974891967,4.210989769437494,20.99653600438444
98.26928352893266,4.478544144134983,20.99653600438444
107.95285095017285,4.7203481101936315,20.99653600438444
118.59064816361555,4.937842268460441,20.99653600438444
130.27670606270297,5.13433527260958,20.99653600438444
143.11432145249918,5.307678682646378,22.683219636960388
157.21697012320283,5.4656219261614085,22.683219636960388
172.7093098989671,5.610150193032837,24.505397127942576
189.72828252829441,5.739582762360629,24.505397127942576
208.42432415597068,5.860251939650047,26.473952904802296
228.96269507628506,5.968251586822414,26.473952904802296
251.5249405216513,6.06591505218948,28.600645757603928
276.3104953990075,6.153881317565325,28.600645757603928
303.5384471587737,6.224782092292405,30.89817907788018
333.4494723789294,6.2862634866473845,33.38027673990301
366.30796418229795,6.324698007673162,33.38027673990301
402.4043692919588,6.34665976716527,36.06176507761229
442.0577553827716,6.345156716628388,36.06176507761229
485.6186314226466,6.315832067170022,38.9586614468756
533.4720459334694,6.259462491834412,38.9586614468756
586.0409905581927,6.166049991118682,42.08826990208894
643.7901390193169,6.039281079327513,42.08826990208894
707.2299545186094,5.8703055657824414,45.46928455862409
776.9212018846821,5.660454077463339,45.46928455862409
853.479904352745,5.410424600282944,49.121901258538536
937.5827887910966,5.1119395613433625,49.121901258538536
1029.97326750645,4.775607055188785,49.121901258538536
1131.4680095031924,4.40294866802305,49.121901258538536
1242.9641592820267,3.9986632696382585,49.121901258538536
1365.447266987283,3.581614803441284,49.121901258538536
1500.0000000000005,3.2911326962572427,57.33096629695033
