r,mdot,zc
23.32289705236212,0.5873012047355273,4.845858644816496
27.197876345754093,0.5729072421205147,4.845858644816496
31.716663502744872,0.549918300815455,4.845858644816496
36.98622388594647,0.5220776361893121,5.121755443364242
43.13129460237734,0.49178568877299705,5.41336030296538
50.297337187317424,0.4604410249990133,5.721567555063251
58.65398086138745,0.42887219028213575,6.047322449462648
68.3990378670679,0.3974349557217864,6.391624053344004
79.76318593271215,0.365993121786453,7.140151304013399
93.01542870385317,0.3347548297207916,7.546672630843891
108.46946339706479,0.30360413665244373,7.976339067929277
126.49110640673521,0.2724166741564884,8.43046837178897
147.50695263818344,0.24115969835558534,8.910453324821516
172.01447354440026,0.20995424155009976,9.41776600686952
200.5937928996158,0.17903322615385306,9.953962309984236
233.92141905702942,0.14888967139355233,10.520686710236228
272.7862587504776,0.12005400184952582,10.520686710236228
318.10829150682036,0.09329469918904565,10.520686710236228
370.9603467158187,0.06934904786433455,10.520686710236228
432.5934988480796,0.04893502116696687,10.520686710236228
504.46668195774475,0.03247090459548738,9.953962309984236
588.2812244823594,0.020069832256618375,9.41776600686952
686.0211218219795,0.01141542581851067,8.43046837178897
800.0000000000003,0.005903705079811903,7.140151304013399
