r,mdot,zc
42.176530469613475,2.439281319508684,11.315956652786067
46.332653947162235,2.403905790092565,9.69565561593592
50.89832657842993,2.3216835133951057,8.974704009584345
55.91390580472411,2.2013702181207297,8.974704009584345
61.42372593570639,2.0527169696424177,8.974704009584345
67.47649003454171,1.8797697149867483,8.307361074919358
74.12570041985755,1.689394397405412,8.307361074919358
81.43013158985791,1.4887703772923375,8.307361074919358
89.45434974891967,1.2845635311426884,8.307361074919358
98.26928352893266,1.0829299481150607,7.689640567018716
107.95285095017285,0.8898541668214303,7.689640567018716
118.59064816361555,0.7121657695742413,7.689640567018716
130.27670606270297,0.5532795718488037,7.117852651001318
143.11432145249918,0.4166943066875396,7.117852651001318
157.21697012320283,0.30309363843673864,6.588581861506817
172.7093098989671,0.2126169467221719,6.0986667010688835
189.72828252829441,0.1433960291961455,5.645180755516966
208.42432415597068,0.09274177879382564,5.225415213602956
228.96269507628506,0.05728906871427825,4.477202230082129
251.5249405216513,0.03371947364240074,3.836123827417536
276.3104953990075,0.01881506096589875,3.286839696542056
303.5384471587737,0.009909443179173846,2.8162060654953955
333.4494723789294,0.004905407407384864,2.233537706385124
366.30796418229795,0.0022664663373087954,1.7714224633510847
402.4043692919588,0.000970567396103121,1.3004509005128981
442.0577553827716,0.00038054788705584557,0.9546974703287523
485.6186314226466,0.00013644377419222295,0.7008701824056901
533.4720459334694,4.4193021379950926e-5,0.4408545241834121
586.0409905581927,1.2494411996404546e-5,0.2773020116591064
643.7901390193169,2.8804945544433317e-6,0.1494502494606524
707.2299545186094,5.924432768892976e-7,0.0690122480290853
776.9212018846821,1.0101735940806555e-7,0.027304964154553225
