r,mdot,zc
42.176530469613475,2.9387235834656003,12.22498464050783
46.332653947162235,2.9597513930344315,10.474522360006336
50.89832657842993,2.929885722210339,9.69565561593592
55.91390580472411,2.8575315933835674,9.69565561593592
61.42372593570639,2.7502742254734724,9.69565561593592
67.47649003454171,2.6112574217056825,9.69565561593592
74.12570041985755,2.4440563463243095,9.69565561593592
81.43013158985791,2.252640002417547,8.974704009584345
89.45434974891967,2.0425322121987755,8.974704009584345
98.26928352893266,1.819414104254047,8.974704009584345
107.95285095017285,1.589527982393401,8.974704009584345
118.59064816361555,1.3597899783665275,8.974704009584345
130.27670606270297,1.1370172434310326,8.974704009584345
143.11432145249918,0.9276241793034048,8.974704009584345
157.21697012320283,0.7357170411698211,8.307361074919358
172.7093098989671,0.5669671021631507,8.307361074919358
189.72828252829441,0.4228612663069892,7.689640567018716
208.42432415597068,0.3047884346612891,7.117852651001318
228.96269507628506,0.21163020849325342,6.588581861506817
251.5249405216513,0.14109684487827254,6.0986667010688835
276.3104953990075,0.09010051518254579,5.645180755516966
303.5384471587737,0.05485798328718282,4.836862686437175
333.4494723789294,0.0317441260416653,4.144285481839419
366.30796418229795,0.017372490558059072,3.5508765223261145
402.4043692919588,0.008946804871319325,2.8162060654953955
442.0577553827716,0.004305500115717061,2.233537706385124
485.6186314226466,0.0019229411789924557,1.7714224633510847
533.4720459334694,0.0007912944013164164,1.3004509005128981
586.0409905581927,0.0002952079408865235,0.8837078743614601
643.7901390193169,9.689237146387479e-5,0.5558613053440595
707.2299545186094,2.8575711851459763e-5,0.3496424550953135
776.9212018846821,7.349568885233579e-6,0.18843769586593112
853.479904352745,1.6093802532876721e-6,0.08701563933188908
