r,mdot,zc
31.814263318802862,0.6327856699906179,7.689640567018716
34.949277157730585,0.5547731585838522,6.0986667010688835
38.39321884049305,0.4652065413431948,5.225415213602956
42.176530469613475,0.37572514280223085,4.836862686437175
46.332653947162235,0.29250336228397034,4.477202230082129
50.89832657842993,0.21934789532319357,4.144285481839419
55.91390580472411,0.15829260615118781,3.836123827417536
61.42372593570639,0.10972136642864322,3.5508765223261145
67.47649003454171,0.07289616142006133,3.286839696542056
74.12570041985755,0.04631882038892529,3.0424361767690025
81.43013158985791,0.02808299124771272,2.8162060654953955
89.45434974891967,0.016206106567710567,2.4129611832536098
98.26928352893266,0.008875877886645803,2.233537706385124
107.95285095017285,0.0045959443455767515,1.7714224633510847
118.59064816361555,0.0022395570605294244,1.5177773017322713
130.27670606270297,0.0010237035618041934,1.2037516980200687
143.11432145249918,0.00043575134590170144,0.9546974703287523
157.21697012320283,0.00017154756618488647,0.7008701824056901
172.7093098989671,6.176036778307596e-5,0.5145284530985852
189.72828252829441,2.005853977056493e-5,0.3496424550953135
208.42432415597068,5.862929478593649e-6,0.21992868586060285
228.96269507628506,1.5101402653278858e-6,0.1280508749677333
251.5249405216513,3.258738973856748e-7,0.0690122480290853
276.3104953990075,5.446617071668725e-8,0.02949841340341698
303.5384471587737,7.974259992604138e-9,0.010803315190764676
