r,mdot,zc
23.32289705236212,0.5837853474509724,4.845858644816496
27.197876345754093,0.5587144686227579,4.584823751389096
31.716663502744872,0.5272373348431657,4.845858644816496
36.98622388594647,0.49296742077245737,5.121755443364242
43.13129460237734,0.45702525878673367,5.121755443364242
50.297337187317424,0.4202424538078558,5.41336030296538
58.65398086138745,0.3829032950936873,6.047322449462648
68.3990378670679,0.34516235892748803,6.391624053344004
79.76318593271215,0.30719651487689925,6.755528315331645
93.01542870385317,0.26919502764387526,7.140151304013399
108.46946339706479,0.23135950872760114,7.140151304013399
126.49110640673521,0.19422477018739961,7.546672630843891
147.50695263818344,0.1585679042286951,7.976339067929277
172.01447354440026,0.12503889633410925,7.976339067929277
200.5937928996158,0.09466942784615964,7.976339067929277
233.92141905702942,0.06831161110209441,7.976339067929277
272.7862587504776,0.046528890974484066,7.546672630843891
318.10829150682036,0.029662465421471815,7.140151304013399
370.9603467158187,0.017505900146358763,6.391624053344004
432.5934988480796,0.009455691717987413,5.721567555063251
504.46668195774475,0.004613858371273244,4.845858644816496
588.2812244823594,0.0020049583576656526,3.883098049059606
686.0211218219795,0.0007637768998316223,3.111615827824361
800.0000000000003,0.0002502682458255654,2.232016469295234
