r,mdot,zc
34.949277157730585,0.9571313832826571,7.689640567018716
38.39321884049305,0.8591512425021556,6.588581861506817
42.176530469613475,0.7447457242011416,6.0986667010688835
46.332653947162235,0.6250709795582075,5.645180755516966
50.89832657842993,0.5082491214931643,5.225415213602956
55.91390580472411,0.4001266834504992,4.836862686437175
61.42372593570639,0.3046732897148746,4.477202230082129
67.47649003454171,0.22372876158870364,4.477202230082129
74.12570041985755,0.1582178126147984,4.144285481839419
81.43013158985791,0.10751657391625127,3.836123827417536
89.45434974891967,0.07002736253139903,3.5508765223261145
98.26928352893266,0.043617422367335006,3.286839696542056
107.95285095017285,0.02588578231950245,2.8162060654953955
118.59064816361555,0.014607758701188484,2.606798020576923
130.27670606270297,0.007800652091741689,2.0674558382731316
143.11432145249918,0.003924462439511317,1.7714224633510847
157.21697012320283,0.0018530192114911883,1.404918096835459
172.7093098989671,0.0008146165449397679,1.1142428752325104
189.72828252829441,0.00033090462918200633,0.8179969377519476
208.42432415597068,0.00012296905921285097,0.6005144883981759
228.96269507628506,4.144467526956784e-5,0.4080733704412152
251.5249405216513,1.2297935267893574e-5,0.25668233015746944
276.3104953990075,3.0879698005356667e-6,0.13833739627296213
303.5384471587737,6.83812005596351e-7,0.0745561067481437
333.4494723789294,1.2699025058892224e-7,0.031868065762459104
366.30796418229795,1.960330595798359e-8,0.011671161911100677
