r,mdot,zc
20.000000000000004,1.4449237943483741,4.104180502904709
21.662214548720822,1.3782507311900412,3.4760191815419783
23.462576957740602,1.2845525507728448,3.288774285825511
25.41256879622253,1.1744233099135697,3.111615827824361
27.52462587489502,1.0545249471423024,3.111615827824361
29.81221755376242,0.9299323463612404,2.9440004751000353
32.28993264113713,0.8057034140054323,2.7854141632417675
34.97357243180279,0.6846649068373473,2.7854141632417675
37.880251477647015,0.5708215103854942,2.6353705192673944
41.028506733414424,0.46589180144065867,2.6353705192673944
44.438415773643,0.3721618732762386,2.4934093699518796
48.13172483469571,0.2905853094076095,2.3590953305086355
52.13198749845863,0.22134533820214491,2.3590953305086355
56.46471490214215,0.1643247294933291,2.232016469295234
61.15753843212785,0.11872218860482649,1.9980263085725505
66.24038593941962,0.08331993641917627,1.8903973778192211
71.7456726004889,0.05676284564711128,1.6922203516410372
77.70850764070356,0.0374217420179663,1.6010644613183178
84.16691823869164,0.023847978127201845,1.433219225503574
91.16209203955907,0.014652456094654256,1.2138592626906282
98.73863982355815,0.008663665800754972,1.0866061138545973
106.94488000533931,0.004915276557099551,0.9202966808760416
115.83314677814317,0.002666815919356014,0.7374549090259552
125.46012386808036,0.0013808759322780292,0.6245844712439618
135.88720602697234,0.0006793043514377766,0.4735334922917117
147.18089056912532,0.0003174789284146032,0.379453284723694
159.41320144900968,0.00013906165026700165,0.28768540901905937
172.662148584345,5.7485490013167984e-5,0.218110892419152
187.01222535385972,2.2522189195324028e-5,0.15645475886160962
202.55494744245183,7.94760277618043e-6,0.1122277356208508
219.38943647016305,2.7628461666994726e-6,0.07616641716552892
237.6230521269814,8.371036934240236e-7,0.051692418738916016
257.3720768448271,2.2985188590141624e-7,0.03140465219496752
