r,mdot,zc
20.000000000000004,0.6596458040379138,5.121755443364242
23.32289705236212,0.6708914638159793,4.104180502904709
27.197876345754093,0.6660405184458363,3.673924781802075
31.716663502744872,0.6570836758902082,3.673924781802075
36.98622388594647,0.6487892630500346,3.673924781802075
43.13129460237734,0.6428539564593844,3.4760191815419783
50.297337187317424,0.6507848582797838,3.4760191815419783
58.65398086138745,0.6576469198426809,3.288774285825511
68.3990378670679,0.6734436452358368,3.111615827824361
79.76318593271215,0.7007951434209269,2.7854141632417675
93.01542870385317,0.7435105454448352,2.4934093699518796
108.46946339706479,0.8070069633120274,2.1117830444482437
126.49110640673521,0.9339758651254456,1.6922203516410372
147.50695263818344,1.0757394558509832,1.282969797894148
172.01447354440026,1.2728076467519718,0.9202966808760416
200.5937928996158,1.5386854612928489,0.5909395895340971
233.92141905702942,1.8819393174033874,0.3396738582272208
272.7862587504776,2.267291391884892,0.16536244070941808
318.10829150682036,2.496077821779646,0.06103390288028621
370.9603467158187,2.7509457930068457,0.014465073385216465
