r,mdot,zc
34.949277157730585,1.5140068049301876,10.474522360006336
38.39321884049305,1.4440947959668748,7.689640567018716
42.176530469613475,1.3299429338553785,7.117852651001318
46.332653947162235,1.192397701314797,6.588581861506817
50.89832657842993,1.0422360880750168,6.0986667010688835
55.91390580472411,0.8870905895347533,6.0986667010688835
61.42372593570639,0.7353435145759306,5.645180755516966
67.47649003454171,0.5923214581856154,5.645180755516966
74.12570041985755,0.4630417012341589,5.225415213602956
81.43013158985791,0.3504573653241188,5.225415213602956
89.45434974891967,0.2561670722698915,4.836862686437175
98.26928352893266,0.18053072409568235,4.477202230082129
107.95285095017285,0.12228258066447217,4.144285481839419
118.59064816361555,0.07938506820261351,3.836123827417536
130.27670606270297,0.04926670453667669,3.5508765223261145
143.11432145249918,0.029123489020974138,3.0424361767690025
157.21697012320283,0.016340193979259437,2.606798020576923
172.7093098989671,0.00865643387426956,2.233537706385124
189.72828252829441,0.004311656973806699,1.7714224633510847
208.42432415597068,0.0020023841208907903,1.404918096835459
228.96269507628506,0.0008605533629910132,1.1142428752325104
251.5249405216513,0.0003386034826085344,0.8179969377519476
276.3104953990075,0.00011970017296267976,0.5145284530985852
303.5384471587737,3.7782080034559294e-5,0.32364366763473584
333.4494723789294,1.0551479965952134e-5,0.18843769586593112
366.30796418229795,2.5428541184351497e-6,0.10155736154404178
402.4043692919588,4.7464819140758726e-7,0.03719373553072642
442.0577553827716,8.210489063979313e-8,0.015897992284504753
