r,mdot,zc
61.42372593570639,3.8149591473116646,22.683219636960388
67.47649003454171,4.098515412809423,19.435271149298263
74.12570041985755,4.340074287685582,17.990099155778324
81.43013158985791,4.552626367084747,17.990099155778324
89.45434974891967,4.741498638733477,17.990099155778324
98.26928352893266,4.910143797553031,17.990099155778324
107.95285095017285,5.062522930069223,17.990099155778324
118.59064816361555,5.202500195696394,17.990099155778324
130.27670606270297,5.3252749278720595,19.435271149298263
143.11432145249918,5.437871936560044,19.435271149298263
157.21697012320283,5.537083331070571,20.99653600438444
172.7093098989671,5.622721860679172,20.99653600438444
189.72828252829441,5.693811235753644,22.683219636960388
208.42432415597068,5.7484349456987935,22.683219636960388
228.96269507628506,5.783956646410458,24.505397127942576
251.5249405216513,5.799256022684245,24.505397127942576
276.3104953990075,5.788990493940349,26.473952904802296
303.5384471587737,5.753128911501061,26.473952904802296
333.4494723789294,5.685445300685038,28.600645757603928
366.30796418229795,5.585388237728836,28.600645757603928
402.4043692919588,5.45002210059102,30.89817907788018
442.0577553827716,5.27444202428263,30.89817907788018
485.6186314226466,5.063439468791637,30.89817907788018
533.4720459334694,4.809264462409184,33.38027673990301
586.0409905581927,4.516666933286091,33.38027673990301
643.7901390193169,4.1899921375031735,33.38027673990301
707.2299545186094,3.8327866356466727,33.38027673990301
776.9212018846821,3.451082161770561,33.38027673990301
853.479904352745,3.052316316405547,33.38027673990301
937.5827887910966,2.64766286535044,33.38027673990301
1029.97326750645,2.2479674429585534,33.38027673990301
1131.4680095031924,1.8648568115887492,33.38027673990301
1242.9641592820267,1.506775294186833,30.89817907788018
1365.447266987283,1.1895068433971099,30.89817907788018
1500.0000000000005,1.0935073892139233,30.89817907788018
