r,mdot,zc
20.000000000000004,0.5604111180779014,6.047322449462648
23.32289705236212,0.5735713198452631,4.845858644816496
27.197876345754093,0.5688188172007095,4.845858644816496
31.716663502744872,0.5534854204266608,4.845858644816496
36.98622388594647,0.5307958936593445,5.121755443364242
43.13129460237734,0.5037307659942527,5.41336030296538
50.297337187317424,0.47431411154358016,5.721567555063251
58.65398086138745,0.44404443556277073,6.047322449462648
68.3990378670679,0.4135858995837095,6.755528315331645
79.76318593271215,0.38343709777818696,7.140151304013399
93.01542870385317,0.3538231849725646,7.546672630843891
108.46946339706479,0.32454722127672353,8.43046837178897
126.49110640673521,0.29541470069607517,8.910453324821516
147.50695263818344,0.2664555622208666,9.41776600686952
172.01447354440026,0.23756075684073055,9.953962309984236
200.5937928996158,0.20867263585848528,10.520686710236228
233.92141905702942,0.17996193221727297,11.119677311206988
272.7862587504776,0.15172374194831698,11.752771174629451
318.10829150682036,0.12444732575293051,11.752771174629451
370.9603467158187,0.09865424453412107,12.421909954526175
432.5934988480796,0.07513588012018141,12.421909954526175
504.46668195774475,0.05456208834277024,12.421909954526175
588.2812244823594,0.037427149671481766,11.752771174629451
686.0211218219795,0.02403813574046819,11.119677311206988
800.0000000000003,0.0142999517689471,9.953962309984236
