r,mdot,zc
23.32289705236212,0.6111306324628689,4.845858644816496
27.197876345754093,0.5916799957090735,4.584823751389096
31.716663502744872,0.567085236720473,4.845858644816496
36.98622388594647,0.5411255771393814,5.121755443364242
43.13129460237734,0.5150607797150718,5.121755443364242
50.297337187317424,0.4906869600902261,5.41336030296538
58.65398086138745,0.4672934923862367,6.047322449462648
68.3990378670679,0.44567676201067946,6.391624053344004
79.76318593271215,0.42616333963108366,6.755528315331645
93.01542870385317,0.40892390837937664,6.755528315331645
108.46946339706479,0.39394150285960294,7.140151304013399
126.49110640673521,0.38375313313779114,7.546672630843891
147.50695263818344,0.3747609775329145,7.546672630843891
172.01447354440026,0.3687276386141232,7.976339067929277
200.5937928996158,0.3662856177903096,7.976339067929277
233.92141905702942,0.3680158980856406,7.546672630843891
272.7862587504776,0.37448335684596956,7.546672630843891
318.10829150682036,0.38701171976296816,7.140151304013399
370.9603467158187,0.4161885783183969,6.391624053344004
432.5934988480796,0.4486861342337088,5.721567555063251
504.46668195774475,0.4950375465381379,4.584823751389096
588.2812244823594,0.5606726258900311,3.883098049059606
686.0211218219795,0.6532646796945736,2.9440004751000353
800.0000000000003,0.7840015213458346,2.1117830444482437
