r,mdot,zc
28.960465933248766,0.3048670462139888,6.0986667010688835
31.814263318802862,0.2519360924420747,4.836862686437175
34.949277157730585,0.19741863792691663,4.144285481839419
38.39321884049305,0.1478611772491076,3.836123827417536
42.176530469613475,0.10597398364066543,3.5508765223261145
46.332653947162235,0.07262982685742282,3.0424361767690025
50.89832657842993,0.04753025106520061,2.8162060654953955
55.91390580472411,0.029663464163461724,2.606798020576923
61.42372593570639,0.017623794334824344,2.4129611832536098
67.47649003454171,0.0099505843964251,2.0674558382731316
74.12570041985755,0.005319537703783072,1.9137235207582552
81.43013158985791,0.0026872857680061636,1.6397026580002065
89.45434974891967,0.0012781153539694766,1.3004509005128981
98.26928352893266,0.0005703307632478178,1.1142428752325104
107.95285095017285,0.0002371562852561716,0.8179969377519476
118.59064816361555,9.140057004854915e-5,0.6487547294786291
130.27670606270297,3.236501484873365e-5,0.4408545241834121
143.11432145249918,1.0472891750759097e-5,0.32364366763473584
157.21697012320283,3.054832600066427e-6,0.20357518222611073
172.7093098989671,7.639531269184107e-7,0.11852924098447012
189.72828252829441,1.6924871962747827e-7,0.0690122480290853
208.42432415597068,3.2074327823059183e-8,0.03719373553072642
228.96269507628506,4.922122709349608e-9,0.015897992284504753
